Number,Format,Theme,Title,On-Screen Text,Caption,Hashtags,Visual Note
1,Static,Inner Authority,The Only Room,"you have power over your mind / not outside events / — marcus aurelius","marcus aurelius wrote that in the second century. it lands harder now. we live in an era designed to make you feel like your power lives somewhere outside you. in the algorithm. in someone else's opinion. in the thing that hasn't happened yet. it doesn't. your mind is the only territory that's actually yours. build there first. ♡ - MK","#stoicwisdom #marcusaurelius #innerpower #philosophyoflife #mkparrish","Void background. Centered Playfair italic quote in pearl white. Petal pink (#F2AFC6) hairline border. Grain overlay. ♡ - MK bottom right."
2,Reel,Resilience,The Invincible Summer,"in the midst of winter / i found there was within me / an invincible summer / — albert camus","the most luxurious thing you own isn't visible. it's the quiet certainty you carry when everything else collapses. resilience doesn't announce itself. it shows up as the morning you decide again. the day you keep building when there's no applause. i've been in the winter. the summer is still there. it always was. ♡ - MK","#albertcamus #resilience #innerstrength #philosophyoflife #mkparrish","Slow warm pink dissolve. Playfair serif quote enters line by line. Film grain. Intimate voiceover pace."
3,Carousel,Discipline,Not An Act. A Habit.,"we are what we repeatedly do / excellence is not an act / it is a habit / — aristotle","nobody builds a luxury life on a single decision. they build it on a thousand small ones that nobody saw. the early morning. the draft nobody liked. the pitch after the no. the standard held when no one was watching. excellence is boring up close. that's the point. ♡ - MK","#aristotle #excellence #discipline #philosophyoflife #mkparrish","5-slide carousel. Void background. Petal pink on-screen text. Bebas Neue headers. Sharp corners. One discipline per slide."
4,Static,Reinvention,Become,"one is not born a woman / one becomes one / — simone de beauvoir","she wasn't talking about gender alone. she was talking about the daily relentless act of constructing yourself. you are not who you were handed. you are who you keep choosing. the woman you are becoming is made of every small refusal to stay what was convenient. ♡ - MK","#simonedebeauvoir #becomingher #reinvention #philosophyoflife #mkparrish","Obsidian background. Playfair italic quote. Petal pink thin accent line below name. Pearl serif text. Still and decisive."
5,Reel,Intentional Living,Wild And Precious,"tell me / what is it you plan to do / with your one wild and precious life / — mary oliver","not rhetorically. she meant it as a diagnostic. most people are operating on default settings — the career that made sense at 22, the version of themselves that formed under pressure. intention is the rarest luxury. most people never ask the question. ♡ - MK","#maryoliver #intentionalliving #wildandprecious #philosophyoflife #mkparrish","Close-up on open hands. Soft light. Pink film overlay. Slow voiceover pacing. Quiet."
6,Static,Real Power,The Transfer,"if you have some power / your job is to empower somebody else / — toni morrison","we confuse visibility for power. they are not the same. real power doesn't hoard. it multiplies. the women who changed the rooms i entered weren't the loudest ones. they were the ones who handed the pen to the next person quietly. that is the whole job. ♡ - MK","#tonimorrison #realpower #legacy #philosophyoflife #mkparrish","Black card. White Playfair italic. Petal pink ♡ - MK signature. Minimal. No noise."
7,Reel,Internal Seeking,The Source,"seek not the good in external things / seek it in yourself / — epictetus","the approval you are chasing has a price tag you haven't read yet. the version of you that finally gets the validation, the room, the number — she still has to come home to herself. start there. build the interior first. what you find will be harder to take from you. ♡ - MK","#epictetus #stoicphilosophy #internalvalidation #philosophyoflife #mkparrish","Slow zoom on a mirror reflection. Warm petal light source from behind. Serif text overlay. Intimate."
8,Carousel,Becoming,A Bridge Not An End,"what is great in a person / is that they are a bridge / and not an end / — nietzsche","you are not the destination. you are the direction. nietzsche wasn't talking about transit — he was talking about the courage of becoming. not arrived. not finished. not yet recognizable to who you were. five slides on what it means to stay in motion on purpose. ♡ - MK","#nietzsche #philosophyoflife #becomingher #growth #mkparrish","5-slide carousel. One quote fragment per slide. Void background. Petal pink fade between slides. Playfair italic."
9,Static,The Wound As Gift,The Light Comes In,"the wound is the place where the light enters you / — rumi","your story isn't the wound. your story is what grew through the wound. the parts of you that were broken open became the parts of you that could let something real in. this is not a silver lining. it is a structural truth. ♡ - MK","#rumi #thelight #healing #philosophyoflife #therewrite #mkparrish","Deep void background. Pearl serif quote centered. Petal pink glow emanating from center. Film grain. Quiet."
10,Reel,Obstacles As Strategy,The Way Through,"the impediment to action / advances action / what stands in the way / becomes the way / — marcus aurelius","the obstacle isn't the detour. it is the path. i have built more leverage from the things that didn't work than the things that did. every no was a redirect. every wall was a map. this is not optimism. this is stoic engineering. ♡ - MK","#marcusaurelius #stoicwisdom #obstacles #philosophyoflife #mkparrish","Split screen: texture wall then open horizon. Pink transition. Bebas Neue overlay."
11,Static,Clarity Before Change,Face It First,"not everything that is faced can be changed / but nothing can be changed / until it is faced / — james baldwin","most people skip this step. they want the transformation without the diagnosis. they want the rewrite without reading what was written. clarity is not comfortable. it is prerequisite. ♡ - MK","#jamesbaldwin #clarity #truth #philosophyoflife #mkparrish","Void card. White Playfair italic. One petal pink underline below FACED. Sharp corners. Direct."
12,Carousel,Living Fully,Exist Or Live,"to live is the rarest thing in the world / most people exist / that is all / — oscar wilde","five slides on the difference. not in the motivational sense — in the structural one. living requires choices. living requires preferences. living requires knowing what you actually want versus what you were handed and kept. most people are running on inherited operating systems. ♡ - MK","#oscarwilde #livingfully #intentionalliving #philosophyoflife #mkparrish","5 slides. Bold serif question on each. Petal pink accent corners. Void background. Elegant."
13,Reel,Courageous Vision,Power In Service Of Vision,"when i dare to be powerful / to use my strength in service of my vision / then it becomes less important whether i am afraid / — audre lorde","she gave us permission to do it scared. fear is not the disqualifier. fear is the weather. you go anyway. the women who built things weren't fearless — they were purposeful. the vision was louder than the doubt. ♡ - MK","#audrelorde #courageousvision #powerfulwomen #philosophyoflife #mkparrish","Strong overhead light. Pink-tinted woman walking forward. Slow motion. Serif quote overlay."
14,Static,Preparation + Opportunity,What Luck Actually Is,"luck is what happens / when preparation meets opportunity / — seneca","nobody handed the pipeline to anyone. what looks like luck from the outside is invisible infrastructure. the email drafted six months ago. the framework built before anyone asked. the reputation that preceded the conversation. prepare like the room is already full. ♡ - MK","#seneca #stoicwisdom #preparation #philosophyoflife #mkparrish","Obsidian card. Clean pearl serif. Petal pink initial cap on LUCK. Minimal grain. Steady."
15,Reel,Financial Freedom,The Room Of One's Own,"a woman must have money / and a room of her own / — virginia woolf","she wrote that in 1929. we are still negotiating the terms. financial autonomy isn't about the number. it's about the silence that comes with it. no permission needed. no apology for the dream. the room is real. the money is the key. ♡ - MK","#virginiawoolf #financialfreedom #womenandmoney #philosophyoflife #mkparrish","Close-up of a woman's hand on a door handle. Soft petal light through glass. Slow push in."
16,Static,Seasons Of Knowing,Years That Answer,"there are years that ask questions / and years that answer / — zora neale hurston","you are allowed to be in the asking year. the not-knowing is not failure. it is the condition for the answer. most breakthroughs were preceded by a long confusion. stay in the question. the year that answers is coming. ♡ - MK","#zoranealehurston #philosophyoflife #trust #seasons #mkparrish","Pale rose background. Centered black serif quote. ♡ - MK signature in petal pink. Warm and still."
17,Carousel,Perception As Edge,New Eyes,"the real voyage of discovery / consists not in seeking new landscapes / but in having new eyes / — proust","the problem is rarely the circumstance. it's the frame. new eyes aren't optimism — they're a trained skill. five slides on perception as competitive advantage. this is what strategy looks like before it looks like strategy. ♡ - MK","#marcelproust #perception #philosophyoflife #neweyes #mkparrish","Carousel. Each slide: a familiar object in unexpected petal-tinted light. Text overlaid in Playfair italic."
18,Static,The Work,Nothing Without It,"nothing will work / unless you do / — maya angelou","no system. no framework. no positioning sprint. none of it substitutes for the work. the women i admire most are not the best marketed. they are the most relentless. tools are multipliers. they need something to multiply. ♡ - MK","#mayaangelou #thework #discipline #philosophyoflife #mkparrish","Black card. White Bebas Neue headline. Petal pink underline. ♡ - MK bottom right."
19,Reel,Deliberate Life,On Purpose,"i went to the woods / because i wished to live deliberately / — henry david thoreau","most people design their calendar. few design their life. deliberate living isn't minimalism or off-grid. it's the conscious choice of what you let in. what you protect. what you refuse. the woods are wherever you stop performing and start choosing. ♡ - MK","#henrydavidthoreau #deliberatelife #intentionalliving #philosophyoflife #mkparrish","Slow nature detail shot through pink-tinted lens. Serif text fades in. Quiet ambient sound."
20,Static,Presence Over Perfection,Put It Down,"perfectionism is the voice of the oppressor / — anne lamott","the beautiful draft you won't publish. the project you keep perfecting instead of releasing. the version of yourself you're waiting to become before you begin. perfectionism is not high standards. it is fear with excellent taste. put it down. ship the thing. ♡ - MK","#annelamott #perfectionism #donebetterthenperfect #philosophyoflife #mkparrish","White tile. Bold serif. Petal pink strike-through on PERFECTIONISM. ♡ - MK. Sharp."
21,Reel,The Present,The Luxury Of Now,"confine yourself to the present / — marcus aurelius","the most expensive thing most people spend is attention on things they cannot touch. the past is a record. the future is a bet. the present is the only place work actually happens. every luxury you are building lives here. stay. ♡ - MK","#marcusaurelius #stoicwisdom #presentmoment #philosophyoflife #mkparrish","Tight focus on hands holding a warm cup. Steam rising slowly. Petal overlay. Quiet voiceover."
22,Static,Beauty As Truth,The Aesthetic Principle,"beauty is truth / truth beauty / — keats","the most precise work is also the most beautiful. not because we decorated it — because we removed everything that wasn't true. taste is not decoration. it is the discipline of elimination. ♡ - MK","#johnkeats #beautyistruth #aesthetics #philosophyoflife #mkparrish","Elegant composition: one pink bloom on void black. Playfair italic quote. Nothing extra. Minimal."
23,Carousel,Freedom As Identity,Absolutely Free,"the only way to deal with an unfree world / is to become so absolutely free / that your very existence is an act of rebellion / — albert camus","five slides on what freedom actually looks like in practice. not abstract. not romantic. the freedom of the woman who knows her worth before the offer comes. who doesn't negotiate from desperation. whose standards precede the conversation. ♡ - MK","#albertcamus #freedom #philosophyoflife #rebel #mkparrish","Dark carousel. One element of real freedom per slide. Petal pink text on void. Sharp minimal design."
24,Static,Engagement Over Retreat,Through It,"you cannot find peace / by avoiding life / — virginia woolf","i have tried the quiet. the edited life. the version of myself that asked fewer questions and wanted less. peace doesn't live in the retreat. it lives on the other side of the thing you've been avoiding. walk into it. ♡ - MK","#virginiawoolf #philosophyoflife #innerpeace #faceit #mkparrish","Void background. Centered pearl Playfair. Petal glow at edges. Calm but direct."
25,Reel,Time As Asset,The Real Scarcity,"it is not that we have a short time to live / but that we waste a great deal of it / — seneca","seneca wrote that letter while house-arrested in rome. it was urgent then. we have built entire industries around filling the space he was talking about. time isn't the constraint. attention is. decide what deserves yours. ♡ - MK","#seneca #stoicwisdom #attention #philosophyoflife #mkparrish","Clock details in slow motion. Pink grain filter. Bebas Neue timer overlay. Playfair quote entry."
26,Static,Self-Knowledge,The Beginning,"knowing yourself / is the beginning of all wisdom / — aristotle","not the instagram version. not the therapy version. the version that tells you what you actually want, what actually replenishes you, what you are building toward and why. most people skip the beginning and wonder why the middle doesn't make sense. ♡ - MK","#aristotle #selfknowledge #wisdom #philosophyoflife #mkparrish","Void square. Pearl italic serif. Petal pink dot at end of quote. ♡ - MK bottom right. Clean."
27,Carousel,Living The Questions,Patience For Answers,"be patient toward all that is unsolved in your heart / try to love the questions themselves / — rainer maria rilke","five slides on sitting with uncertainty as a practice. rilke wrote this to a young poet. it applies to every version of yourself mid-becoming. the answers live on the other side of the willingness to not know yet. ♡ - MK","#rilke #philosophyoflife #becomingher #uncertainty #mkparrish","Soft carousel. Warm petal tones. Gentle Playfair italic. Each slide one question. Unhurried."
28,Static,Legacy Over Visibility,The Upgrade,"make a difference about something / other than yourselves / — toni morrison","legacy isn't personal brand. it isn't the follower count or the keynote or the exit. it's the question of what changed because you were here. build toward that. everything else is just the means. ♡ - MK","#tonimorrison #legacy #purpose #philosophyoflife #mkparrish","Bold void background. White serif. Petal pink bottom rule. ♡ - MK. Decisive."
29,Reel,The Chaos As Source Material,The Dancing Star,"you must have chaos within you / to give birth to a dancing star / — nietzsche","the mess you've been trying to manage is the material. the contradiction. the non-linear path. the thing that doesn't fit the narrative. nietzsche called it chaos. i call it source material. the dancing star is already forming. ♡ - MK","#nietzsche #philosophyoflife #creativity #becomingher #mkparrish","Abstract petal pink light particles forming a star shape against void. Slow motion. Serif overlay."
30,Static,The Choice To Begin,Begin Anyway,"life is not a problem to be solved / but a reality to be experienced / — søren kierkegaard","we spend so much of it managing. containing. optimizing. kierkegaard was inviting us to live sideways. not through the problem but into the experience itself. you do not have to have it figured out to begin. ♡ - MK","#kierkegaard #philosophyoflife #becomingher #livelife #mkparrish","Warm petal morning light on a blank page. Simple serif. Grain. Still and open."
